{"IcoMoonType":"selection","icons":[{"icon":{"paths":["M629.578 11.909s-619.169-32.473-619.843 514.336c-0.666 546.809 584.571 483.475 584.571 483.475h695.436z","M624.542 11.909l-5.043 995.061"],"attrs":[{"fill":"none","strokeLinejoin":"miter","strokeLinecap":"butt","strokeMiterlimit":"3.8","strokeWidth":14.567802739726025},{"fill":"none","strokeLinejoin":"miter","strokeLinecap":"butt","strokeMiterlimit":"3.8","strokeWidth":14.567802739726025}],"width":1312,"isMulticolor":false,"isMulticolor2":false,"grid":0,"tags":["logo01"]},"attrs":[{"fill":"none","strokeLinejoin":"miter","strokeLinecap":"butt","strokeMiterlimit":"3.8","strokeWidth":14.567802739726025},{"fill":"none","strokeLinejoin":"miter","strokeLinecap":"butt","strokeMiterlimit":"3.8","strokeWidth":14.567802739726025}],"properties":{"order":539,"id":0,"name":"logo01","prevSize":32,"code":59648},"setIdx":0,"setId":1,"iconIdx":0}],"height":1024,"metadata":{"name":"icomoon"},"preferences":{"showGlyphs":true,"showQuickUse":true,"showQuickUse2":true,"showSVGs":true,"fontPref":{"prefix":"icon-","metadata":{"fontFamily":"icomoon"},"metrics":{"emSize":1024,"baseline":6.25,"whitespace":50},"embed":false},"imagePref":{"prefix":"icon-","png":true,"useClassSelector":true,"color":0,"bgColor":16777215,"classSelector":".icon","name":"icomoon"},"historySize":50,"showCodes":true,"gridSize":16}}